conversation_id,speakers
L101502,['u595']
L101507,['u585']
L101512,['u595']
L101517,"['u585', 'u595']"
L101530,['u591']
L101537,['u591']
L101546,['u585']
L101552,"['u592', 'u591']"
L101554,['u591']
L101556,['u591']
L101563,['u583']
L101570,['u591']
L101575,['u591']
L101577,"['u585', 'u592']"
L101589,"['u596', 'u590']"
L101605,['u596']
L101645,['u585']
L101652,['u596']
L101680,['u585']
L101687,"['u592', 'u585']"
L101711,"['u585', 'u592']"
L101715,['u584']
L101735,['u594']
L101738,"['u594', 'u597', 'u594', 'u597']"
L101745,"['u598', 'u594']"
L101749,"['u594', 'u594', 'u598']"
L101757,['u594']
L101760,['u592']
L101780,['u596']
L101788,"['u596', 'u589']"
L101803,['u587']
L101806,"['u596', 'u596']"
L101809,"['u596', 'u590']"
L101811,['u596']
L101814,"['u596', 'u596']"
L101821,['u596']
L101827,['u592']
L101833,['u592']
L101836,['u592']
L101842,['u585']
L101849,"['u594', 'u594']"
L101855,['u594']
L101857,['u594']
L101859,['u594']
L101866,['u585']
L101874,"['u592', 'u594']"
L101877,"['u592', 'u594']"
L101888,['u585']
L101891,"['u585', 'u585', 'u585']"
L101907,"['u594', 'u592', 'u592']"
L101916,['u594']
L101928,['u596']
L101932,['u596']
L101935,['u596']
L101938,['u596']
L101944,['u589']
L101948,"['u596', 'u590']"
L101957,"['u596', 'u596', 'u596']"
L101962,['u594']
L101968,['u594']
L101977,['u594']
L102017,['u594']
L102022,['u592']
L102030,['u592']
L102052,['u594']
L102055,['u585']
L102061,"['u582', 'u598']"
L102064,['u582']
L102069,['u582']
L102082,['u594']
L102085,['u585']
L102128,['u585']
L102130,['u585']
L102146,['u594']
L102148,['u594']
L102171,['u596']
L102176,['u593']
L102202,['u594']
L102206,"['u585', 'u585']"
L103,"['u8', 'u8']"
L103078,['u599']
L103118,['u601']
L103120,"['u601', 'u603']"
L103126,"['u603', 'u603']"
L103139,['u603']
L103159,['u601']
L103169,['u603']
L103178,"['u601', 'u601']"
L103206,"['u603', 'u603', 'u601']"
L103228,['u603']
L103236,['u601']
L103240,['u603']
L103262,['u603']
L103266,"['u603', 'u603', 'u603']"
L103292,['u603']
L103310,"['u603', 'u603', 'u603']"
L103326,['u599']
L103338,"['u603', 'u603']"
L103344,['u603']
L103347,['u603']
L103383,"['u601', 'u599', 'u601']"
L103405,['u603']
L103407,['u599']
L103411,"['u603', 'u599']"
L103428,['u601']
L103430,"['u603', 'u603']"
L103452,['u603']
L103462,['u603']
L103474,['u603']
L103476,['u599']
L103491,['u599']
L103495,['u599']
L103509,['u603']
L103513,"['u601', 'u601']"
L103525,['u603']
L103536,"['u601', 'u603']"
L103543,['u603']
L103556,['u603']
L103568,['u599']
L103586,['u603']
L103593,['u599']
L103602,"['u603', 'u603', 'u603']"
L103607,['u599']
L103622,"['u603', 'u599', 'u603']"
L103634,"['u603', 'u599', 'u603']"
L103644,['u610']
L103649,['u610']
L103667,['u603']
L103674,['u603']
L103690,['u599']
L103700,"['u603', 'u603', 'u603']"
L103716,"['u599', 'u603']"
L103726,['u599']
L103737,['u599']
L103744,['u599']
L103753,['u601']
L103759,['u601']
L103761,['u603']
L103770,"['u603', 'u600']"
L103791,['u599']
L103803,['u603']
L103806,"['u600', 'u600']"
L103810,['u600']
L103839,['u611']
L103848,['u611']
L103856,"['u611', 'u599']"
L103862,['u611']
L103880,['u603']
L103886,"['u601', 'u603']"
L103897,['u599']
L103900,['u601']
L103906,"['u599', 'u603']"
L103908,['u603']
L103910,['u603']
L103912,"['u603', 'u599', 'u599']"
L103931,['u601']
L103938,['u611']
L103949,"['u611', 'u605']"
L103954,['u603']
L103958,['u603']
L103962,['u611']
L103964,"['u611', 'u611', 'u599', 'u611']"
L103985,"['u599', 'u611']"
L103999,"['u611', 'u599', 'u611', 'u599', 'u599', 'u611']"
L104030,"['u611', 'u611']"
L104035,['u611']
L104058,['u599']
L104063,['u599']
L104070,['u599']
L104078,['u601']
L104084,['u599']
L104093,['u599']
L104136,['u603']
L104143,['u603']
L104146,['u603']
L104160,['u601']
L104232,['u603']
L104238,['u603']
L104254,['u603']
L107918,['u613']
L107954,['u613']
L107959,"['u619', 'u613']"
L107980,['u623']
L108011,['u614']
L108032,"['u612', 'u623']"
L108036,"['u623', 'u612', 'u612', 'u623', 'u612', 'u612']"
L108053,"['u612', 'u623', 'u612', 'u623', 'u623']"
L108065,['u623']
L108090,['u624']
L108093,['u624']
L108096,"['u623', 'u623']"
L108101,['u623']
L108118,['u623']
L108120,"['u623', 'u623', 'u622', 'u623', 'u622', 'u623']"
L108157,['u618']
L108165,['u618']
L108222,['u625']
L108245,"['u613', 'u623']"
L108249,"['u612', 'u612']"
L108272,['u622']
L108279,['u622']
L108298,"['u622', 'u622', 'u622']"
L108310,['u622']
L108315,"['u623', 'u612']"
L108323,"['u627', 'u627']"
L108368,['u623']
L108371,"['u612', 'u612', 'u612', 'u612']"
L108380,['u612']
L108384,"['u623', 'u625']"
L108390,['u625']
L108425,['u623']
L108430,['u614']
L108432,['u623']
L108439,['u614']
L108442,['u612']
L108486,['u613']
L108498,['u613']
L108517,['u623']
L108524,['u623']
L109838,"['u632', 'u628']"
L109849,['u628']
L109891,"['u639', 'u629']"
L109896,['u639']
L109904,['u631']
L109939,['u636']
L109955,['u642']
L109959,"['u636', 'u642']"
L110022,['u634']
L110061,['u640']
L110067,['u640']
L110106,['u641']
L110114,"['u637', 'u637']"
L110119,"['u637', 'u638']"
L110121,['u637']
L110196,['u629']
L110210,['u641']
L110215,['u639']
L110219,['u641']
L110236,['u634']
L110269,['u638']
L110273,['u641']
L110277,['u634']
L110295,['u641']
L110316,['u641']
L110344,"['u634', 'u630', 'u634']"
L110349,['u633']
L110359,['u630']
L110361,"['u638', 'u638', 'u638']"
L110366,['u638']
L110369,['u638']
L110389,['u638']
L110391,['u638']
L110406,['u629']
L110410,['u629']
L110415,['u641']
L110417,"['u641', 'u631']"
L110425,['u641']
L110433,"['u630', 'u638']"
L110437,"['u629', 'u639']"
L110440,['u635']
L110463,['u641']
L110470,['u630']
L117613,['u643']
L117615,['u643']
L117622,['u643']
L117629,['u643']
L117637,"['u653', 'u653', 'u643']"
L117655,"['u643', 'u646']"
L117657,['u645']
L117659,['u643']
L117663,"['u645', 'u645']"
L117670,['u646']
L117696,"['u645', 'u643']"
L117719,['u646']
L117721,['u650']
L117727,['u656']
L117742,['u646']
L117753,['u645']
L117762,['u645']
L117771,['u643']
L117786,['u646']
L117792,['u650']
L117805,['u646']
L117808,['u650']
L117832,['u646']
L117840,['u646']
L117850,['u655']
L117854,['u655']
L117865,['u646']
L117870,['u646']
L117874,['u646']
L117899,['u656']
L117910,['u654']
L117915,"['u646', 'u643', 'u646']"
L117936,"['u646', 'u650', 'u650']"
L117940,['u650']
L117945,['u650']
L117950,"['u650', 'u650', 'u646']"
L117967,"['u650', 'u650']"
L117987,['u646']
L117993,['u646']
L118013,"['u650', 'u646']"
L118021,['u655']
L118030,['u648']
L118033,"['u646', 'u648']"
L118063,"['u650', 'u646', 'u650', 'u646', 'u650', 'u646', 'u650']"
L118071,['u650']
L118082,['u656']
L118086,"['u656', 'u646']"
L118090,['u650']
L118103,['u643']
L118113,['u646']
L118123,['u644']
L118145,"['u646', 'u650', 'u646']"
L118152,"['u646', 'u656']"
L118157,['u643']
L118166,['u646']
L118177,['u649']
L118183,['u646']
L118209,['u650']
L118234,['u650']
L118259,['u646']
L118261,['u646']
L118265,"['u646', 'u650']"
L118269,"['u650', 'u650', 'u650']"
L118287,['u656']
L118301,['u643']
L118307,['u646']
L118323,"['u646', 'u652']"
L118384,['u666']
L118389,['u666']
L118396,['u666']
L118422,['u671']
L118433,"['u671', 'u667', 'u671']"
L118437,"['u667', 'u671', 'u671']"
L118449,"['u667', 'u671']"
L118461,"['u663', 'u663', 'u663', 'u663']"
L118491,['u672']
L118506,"['u667', 'u666']"
L118509,['u666']
L118519,"['u667', 'u661', 'u661']"
L118524,['u666']
L118530,['u666']
L118533,['u667']
L118539,['u666']
L118547,"['u667', 'u666', 'u667', 'u666']"
L118557,"['u666', 'u667', 'u666', 'u666', 'u667']"
L118570,"['u667', 'u666']"
L118584,"['u669', 'u666']"
L118587,"['u666', 'u669']"
L118593,['u666']
L118602,"['u671', 'u671']"
L118618,['u666']
L118624,['u667']
L118626,"['u667', 'u669']"
L118634,['u667']
L118642,"['u669', 'u667', 'u669']"
L118648,['u669']
L118650,['u669']
L118652,['u666']
L118662,['u659']
L118675,"['u666', 'u665', 'u666']"
L118688,['u666']
L118698,['u665']
L118700,"['u665', 'u669', 'u665']"
L118719,"['u665', 'u659']"
L118724,['u659']
L118732,['u666']
L118735,['u668']
L118743,"['u668', 'u664', 'u668', 'u664', 'u668', 'u664', 'u668']"
L118758,['u666']
L118764,['u665']
L118769,['u666']
L118778,['u666']
L118780,"['u664', 'u664']"
L118786,"['u666', 'u665', 'u666']"
L118792,['u666']
L118796,['u664']
L118815,['u668']
L118830,['u667']
L118847,"['u664', 'u667']"
L118859,['u664']
L118866,['u667']
L118877,['u664']
L118889,['u668']
L118893,"['u664', 'u667']"
L118896,"['u664', 'u667', 'u664']"
L118904,['u664']
L118910,"['u666', 'u669', 'u666', 'u669']"
L118914,['u669']
L118917,['u666']
L118923,['u669']
L118926,"['u665', 'u666']"
L118930,"['u669', 'u669']"
L118936,"['u665', 'u666']"
L118940,"['u665', 'u669', 'u665']"
L118943,['u666']
L118971,['u663']
L118973,"['u667', 'u663']"
L118983,['u663']
L118986,['u665']
L118992,['u667']
L118999,['u664']
L119008,['u664']
L119012,['u663']
L119017,['u663']
L119019,"['u664', 'u665', 'u664']"
L119026,"['u665', 'u664']"
L119030,['u665']
L119033,"['u663', 'u663']"
L119036,['u663']
L119038,"['u665', 'u663']"
L119042,['u663']
L119054,['u666']
L119056,"['u667', 'u666']"
L119061,"['u666', 'u667']"
L119079,['u669']
L119083,"['u666', 'u669']"
L119108,['u667']
L119122,"['u658', 'u658']"
L119136,"['u667', 'u658']"
L119144,"['u667', 'u665', 'u667']"
L119168,['u667']
L119179,['u666']
L119189,['u665']
L119195,"['u667', 'u665']"
L119208,['u669']
L119219,"['u669', 'u664', 'u669', 'u664', 'u669']"
L119232,['u664']
L119235,['u664']
L119246,['u665']
L119249,"['u664', 'u664']"
L119253,['u664']
L119259,"['u660', 'u660']"
L119272,['u667']
L119283,"['u667', 'u664']"
L119288,"['u667', 'u664']"
L119291,['u667']
L119300,['u664']
L119303,"['u664', 'u664', 'u667']"
L119328,['u667']
L119338,['u665']
L119340,['u665']
L119352,"['u666', 'u667', 'u667', 'u667', 'u666', 'u666', 'u666', 'u667']"
L119366,"['u666', 'u667']"
L119369,"['u666', 'u667']"
L119372,['u666']
L119380,"['u663', 'u667', 'u663']"
L119386,['u667']
L119389,['u666']
L119393,['u667']
L119409,['u665']
L119411,['u667']
L119422,['u667']
L119450,"['u667', 'u664', 'u667', 'u664']"
L119456,"['u667', 'u667']"
L119464,"['u667', 'u667']"
L119476,"['u664', 'u665']"
L119481,['u666']
L119490,['u667']
L119500,['u666']
L119503,"['u666', 'u666']"
L12104,['u154']
L12108,['u154']
L12130,['u154']
L12146,"['u154', 'u142']"
L12154,"['u154', 'u154', 'u143', 'u154']"
L12178,['u143']
L12180,['u154']
L12186,"['u142', 'u142', 'u154']"
L12193,"['u142', 'u142']"
L12197,['u154']
L12203,['u154']
L122051,['u676']
L122097,"['u686', 'u686', 'u676']"
L12210,"['u154', 'u145']"
L122111,"['u686', 'u686', 'u676', 'u686', 'u686']"
L122121,"['u676', 'u686', 'u676']"
L122149,['u682']
L12216,"['u154', 'u154']"
L122179,['u682']
L122209,['u676']
L12221,['u147']
L122223,['u676']
L122242,['u685']
L122254,['u676']
L12228,['u150']
L122292,['u682']
L12230,['u147']
L122300,"['u682', 'u676']"
L12237,"['u142', 'u142']"
L122414,['u681']
L122416,"['u681', 'u674']"
L122429,['u681']
L122434,['u681']
L122444,['u681']
L122456,['u681']
L122485,['u674']
L122504,['u681']
L122547,['u674']
L12255,"['u154', 'u154', 'u146']"
L122552,['u681']
L122563,"['u678', 'u678']"
L122569,['u676']
L122579,['u678']
L122587,['u686']
L122598,['u686']
L122620,['u682']
L122623,['u682']
L12266,"['u142', 'u142', 'u153']"
L122672,['u682']
L122683,['u676']
L122685,['u686']
L122712,['u676']
L122728,"['u687', 'u687']"
L122752,['u676']
L122762,['u675']
L122777,['u675']
L122797,['u679']
L12285,"['u154', 'u154']"
L12299,['u142']
L12309,['u151']
L12325,['u154']
L12341,"['u154', 'u147']"
L12345,['u154']
L12351,"['u154', 'u150']"
L12361,['u154']
L12366,"['u144', 'u154']"
L12371,['u144']
L12376,"['u144', 'u154']"
L12388,"['u144', 'u142']"
L12393,['u144']
L12398,['u144']
L12403,"['u142', 'u142']"
L12425,"['u154', 'u154']"
L12429,"['u154', 'u154', 'u154']"
L12436,"['u152', 'u152', 'u154']"
L12444,['u154']
L12453,['u154']
L12459,"['u154', 'u149', 'u154']"
L12470,"['u148', 'u154', 'u154']"
L12483,"['u147', 'u147', 'u154', 'u147', 'u147']"
L12490,"['u154', 'u154', 'u154', 'u147', 'u154']"
L12536,"['u151', 'u154']"
L12546,['u147']
L12556,['u151']
L12609,['u154']
L12617,"['u154', 'u154', 'u152', 'u154', 'u152', 'u152', 'u152']"
L12654,['u142']
L12657,['u154']
L12666,"['u154', 'u141', 'u141', 'u141']"
L12687,"['u154', 'u144', 'u144', 'u144']"
L12712,['u154']
L12725,['u154']
L12738,"['u154', 'u154', 'u139']"
L12748,"['u139', 'u154']"
L12756,"['u139', 'u154', 'u139']"
L12764,['u154']
L12770,"['u152', 'u154']"
L12772,"['u140', 'u154', 'u140', 'u140', 'u140']"
L12782,"['u154', 'u147']"
L12807,['u154']
L12817,['u154']
L12821,['u154']
L12831,['u154']
L12833,['u154']
L12836,['u150']
L12841,['u147']
L12851,['u151']
L12854,"['u151', 'u154']"
L12861,['u151']
L129,['u5']
L130796,['u695']
L130822,['u697']
L130830,['u689']
L130834,['u697']
L130841,['u695']
L130850,"['u695', 'u697']"
L130895,['u695']
L130913,"['u695', 'u695']"
L130948,['u690']
L130957,['u697']
L130970,['u694']
L130995,['u697']
L131019,['u697']
L131049,['u695']
L131082,"['u694', 'u695']"
L131154,['u695']
L131168,['u695']
L131172,"['u707', 'u691']"
L131187,['u707']
L131266,['u700']
L131273,"['u697', 'u689']"
L131277,['u697']
L131280,['u697']
L131298,['u700']
L131302,['u700']
L131304,['u700']
L131306,"['u700', 'u706']"
L131321,['u691']
L131325,['u691']
L131331,['u702']
L131354,['u697']
L131364,['u695']
L131387,['u697']
L131395,['u701']
L131400,['u689']
L131406,['u697']
L131410,['u700']
L131413,['u700']
L131422,['u704']
L131429,['u706']
L131450,['u691']
L131493,['u691']
L131497,"['u703', 'u695']"
L131500,"['u703', 'u695']"
L131502,['u703']
L131539,['u700']
L131548,['u700']
L131551,['u691']
L131561,['u695']
L131574,['u706']
L131594,"['u706', 'u691']"
L131605,['u700']
L131618,['u702']
L131624,"['u703', 'u698']"
L131642,['u691']
L131645,['u691']
L131660,['u695']
L131674,['u695']
L131687,['u700']
L131695,"['u695', 'u695']"
L131709,['u700']
L131714,"['u691', 'u695', 'u695']"
L131725,['u700']
L131729,['u700']
L131732,['u695']
L131743,['u695']
L133,['u5']
L139,['u7']
L140743,['u710']
L140747,['u710']
L140789,['u712']
L140793,"['u713', 'u713']"
L140808,['u721']
L140812,['u721']
L140836,['u718']
L140842,['u712']
L140845,['u712']
L140848,"['u712', 'u712', 'u712']"
L140856,['u712']
L140874,['u713']
L140878,['u712']
L140896,['u714']
L140901,"['u714', 'u714']"
L140908,['u713']
L140918,['u714']
L140935,['u721']
L140940,['u723']
L140942,['u721']
L140954,['u710']
L140976,['u718']
L140989,['u713']
L141000,"['u713', 'u715']"
L141004,['u715']
L141030,['u713']
L141052,"['u713', 'u718', 'u713', 'u713']"
L141071,['u719']
L141073,['u719']
L141077,"['u719', 'u719']"
L141086,['u719']
L141099,['u712']
L141101,['u713']
L141103,['u713']
L141118,['u713']
L141124,['u714']
L141161,['u724']
L141168,['u724']
L141170,"['u724', 'u724']"
L141183,['u724']
L141190,['u713']
L141208,['u713']
L141211,"['u713', 'u713']"
L141215,['u720']
L141222,['u713']
L141229,['u713']
L141232,['u722']
L141239,['u713']
L141241,['u713']
L141256,['u719']
L141259,['u721']
L141262,"['u713', 'u713', 'u713']"
L141278,['u713']
L141287,['u718']
L141292,['u713']
L141310,"['u715', 'u708']"
L141312,['u715']
L141318,['u715']
L141320,['u715']
L141326,['u712']
L141328,"['u718', 'u713']"
L141341,['u713']
L141354,['u715']
L141357,['u713']
L141367,"['u718', 'u712']"
L141371,['u713']
L141377,['u713']
L141397,"['u713', 'u710']"
L141409,['u715']
L141413,['u715']
L141418,['u715']
L141423,['u715']
L141443,['u712']
L141450,['u721']
L141455,['u721']
L141458,"['u721', 'u713']"
L141461,['u721']
L141482,['u715']
L141493,['u713']
L141500,['u713']
L141506,"['u717', 'u717', 'u717']"
L141558,['u713']
L141582,['u721']
L141586,['u713']
L141596,"['u721', 'u723']"
L141601,['u721']
L141614,['u713']
L141617,['u714']
L141624,['u713']
L141626,['u713']
L141636,"['u711', 'u711']"
L141651,['u719']
L141670,['u715']
L141672,['u713']
L141674,['u710']
L143,['u2']
L148,['u5']
L148200,"['u727', 'u727']"
L148205,"['u727', 'u728']"
L148220,['u729']
L148225,['u729']
L148231,['u729']
L148233,['u729']
L148298,['u735']
L148352,['u728']
L148367,['u733']
L148376,['u733']
L148390,['u725']
L148421,['u735']
L148437,"['u734', 'u728']"
L148456,"['u728', 'u732']"
L148470,['u728']
L148476,"['u734', 'u728']"
L148481,['u734']
L148500,['u734']
L148508,['u728']
L148512,['u728']
L148537,['u730']
L148598,['u725']
L148610,['u728']
L148649,"['u728', 'u733', 'u733']"
L148668,['u725']
L148670,['u725']
L148683,['u728']
L148693,['u727']
L148702,['u728']
L148767,['u730']
L148773,"['u730', 'u728', 'u728']"
L148781,"['u728', 'u728']"
L148799,['u730']
L148822,['u728']
L148853,"['u730', 'u728']"
L148902,['u733']
L148914,['u728']
L148924,['u735']
L148959,"['u734', 'u734']"
L148986,['u730']
L151,['u6']
L152048,['u741']
L152054,['u743']
L152062,['u741']
L152070,"['u741', 'u737']"
L152079,"['u741', 'u741']"
L152086,['u741']
L152095,"['u740', 'u740', 'u737']"
L152106,"['u741', 'u741']"
L152117,['u740']
L152123,"['u740', 'u737']"
L152132,"['u743', 'u743', 'u743', 'u743']"
L152142,"['u740', 'u740', 'u743', 'u740']"
L152165,['u741']
L152170,"['u740', 'u743', 'u740']"
L152179,['u737']
L152184,"['u739', 'u741']"
L152192,['u741']
L152203,['u741']
L152217,['u741']
L152223,"['u740', 'u740']"
L152233,"['u742', 'u740', 'u740', 'u742', 'u740']"
L152251,"['u742', 'u740']"
L152263,"['u742', 'u742']"
L152309,['u740']
L152321,['u741']
L152333,['u741']
L152342,['u740']
L152349,['u737']
L152362,['u740']
L152375,"['u740', 'u740']"
L152381,"['u743', 'u740']"
L152388,"['u740', 'u743', 'u743']"
L153972,['u759']
L153981,['u747']
L154003,['u755']
L154051,['u746']
L154071,['u755']
L154097,"['u753', 'u760']"
L154099,['u760']
L154104,['u760']
L154111,['u760']
L154139,"['u753', 'u753', 'u751']"
L154158,['u753']
L154188,['u749']
L154201,['u759']
L154220,"['u756', 'u753']"
L154223,"['u756', 'u756', 'u753', 'u756', 'u753']"
L154255,['u754']
L154262,['u754']
L154283,['u753']
L154292,"['u753', 'u751', 'u751', 'u753']"
L154315,"['u756', 'u753', 'u756', 'u756', 'u753']"
L154337,"['u753', 'u753', 'u752']"
L154356,['u753']
L154362,"['u753', 'u753']"
L154380,['u751']
L154397,['u751']
L154409,['u753']
L154412,['u753']
L154416,['u751']
L154424,['u751']
L154431,['u758']
L154454,"['u753', 'u751', 'u753', 'u751', 'u751', 'u751', 'u753']"
L154478,['u748']
L154494,['u760']
L154500,"['u760', 'u760']"
L154507,['u760']
L154520,"['u753', 'u754']"
L154544,['u750']
L154554,['u750']
L154579,"['u753', 'u753']"
L154592,['u753']
L154601,['u753']
L154627,['u745']
L154631,"['u753', 'u745']"
L154643,['u745']
L154650,"['u753', 'u753']"
L154657,"['u753', 'u753']"
L154660,['u753']
L154722,['u751']
L154733,['u751']
L154736,['u751']
L154738,"['u751', 'u753', 'u751']"
L154747,['u751']
L161,['u11']
L162622,['u768']
L162629,"['u766', 'u765', 'u765']"
L162639,['u765']
L162643,['u768']
L162645,['u775']
L162654,['u771']
L162661,"['u771', 'u771']"
L162673,['u768']
L162682,['u768']
L162711,['u771']
L162717,['u768']
L162729,['u775']
L162736,['u768']
L162769,"['u765', 'u775']"
L162771,['u768']
L162776,"['u765', 'u768']"
L162784,['u768']
L162786,"['u765', 'u765']"
L162789,['u765']
L162792,['u768']
L162796,['u768']
L162854,['u765']
L162858,['u765']
L162862,['u775']
L162876,['u767']
L162905,['u765']
L162914,['u765']
L162925,['u766']
L162931,['u764']
L162952,['u765']
L162962,['u768']
L162968,['u765']
L162970,['u775']
L162976,"['u776', 'u774']"
L162980,['u774']
L162993,['u766']
L162997,['u765']
L163007,['u765']
L163009,"['u768', 'u775']"
L163012,['u765']
L163014,"['u765', 'u768']"
L163016,"['u765', 'u768']"
L163025,"['u765', 'u775', 'u765']"
L163028,"['u765', 'u768', 'u765']"
L163042,['u771']
L163059,['u765']
L163063,['u773']
L163066,"['u773', 'u765']"
L163076,"['u762', 'u765']"
L163086,['u762']
L163088,['u762']
L163115,['u769']
L163137,"['u772', 'u766']"
L163151,['u775']
L163165,['u772']
L163177,['u763']
L163186,"['u761', 'u765', 'u761']"
L163207,['u775']
L163215,"['u766', 'u763']"
L163220,['u763']
L163223,"['u766', 'u772']"
L163226,"['u766', 'u766']"
L163232,['u772']
L163253,"['u765', 'u761']"
L163262,['u765']
L163273,['u775']
L163303,"['u763', 'u766']"
L163308,"['u761', 'u765']"
L163345,['u765']
L16572,['u162']
L16576,['u174']
L16578,['u169']
L16584,['u166']
L16587,['u174']
L16590,['u160']
L16592,"['u169', 'u174']"
L16603,['u174']
L16608,['u170']
L16632,['u169']
L16647,['u169']
L16651,['u155']
L16665,['u171']
L16670,"['u155', 'u155']"
L16678,['u155']
L16691,"['u169', 'u171']"
L16702,['u169']
L16719,['u168']
L16800,['u161']
L168570,"['u792', 'u779']"
L168587,['u779']
L168596,"['u792', 'u779', 'u792']"
L168634,['u793']
L168649,['u791']
L168667,['u789']
L168675,"['u782', 'u782']"
L168684,['u779']
L168688,['u781']
L168747,['u779']
L168755,['u785']
L168759,"['u785', 'u779']"
L168764,['u785']
L168766,['u779']
L168772,['u779']
L168784,['u781']
L16879,['u177']
L168828,['u791']
L168866,['u779']
L168887,"['u779', 'u779', 'u779']"
L168907,['u780']
L168914,['u779']
L168921,['u779']
L168923,['u782']
L168926,['u782']
L168928,"['u779', 'u779', 'u779']"
L168961,"['u785', 'u785']"
L169004,"['u786', 'u786', 'u786']"
L169036,"['u779', 'u779']"
L169041,['u785']
L169046,['u779']
L169049,"['u779', 'u779']"
L169055,"['u781', 'u779', 'u779']"
L169062,"['u779', 'u792']"
L169064,['u779']
L16908,"['u166', 'u166']"
L169110,"['u780', 'u780']"
L169131,"['u789', 'u789']"
L16914,['u155']
L169140,['u779']
L169155,['u792']
L169168,['u785']
L169171,"['u789', 'u789', 'u789', 'u789']"
L169179,['u789']
L169188,['u781']
L169193,"['u781', 'u779', 'u781', 'u781']"
L169217,['u779']
L169226,['u779']
L16923,['u169']
L169230,['u781']
L169237,['u781']
L169264,['u779']
L169272,"['u779', 'u779']"
L16931,['u175']
L17003,['u177']
L17006,['u169']
L17009,['u169']
L17029,"['u166', 'u170']"
L17035,['u166']
L17057,['u166']
L17067,['u157']
L17081,['u166']
L17090,"['u166', 'u162', 'u162']"
L17138,['u168']
L17153,['u166']
L17161,"['u162', 'u164']"
L17165,['u164']
L17199,['u169']
L17206,"['u166', 'u166']"
L17213,['u166']
L17303,"['u163', 'u163']"
L17321,['u169']
L17323,['u169']
L17337,['u158']
L17377,['u158']
L17448,['u165']
L18379,['u178']
L18391,"['u180', 'u191']"
L18395,['u180']
L18408,['u183']
L18468,"['u192', 'u192']"
L18500,"['u180', 'u191']"
L18504,['u193']
L18510,['u193']
L18516,['u191']
L18524,['u180']
L18526,['u180']
L18531,['u191']
L18535,"['u192', 'u192']"
L18545,['u180']
L18547,['u180']
L18555,"['u193', 'u180']"
L18558,['u180']
L18563,['u180']
L18566,"['u180', 'u193']"
L18584,"['u184', 'u178', 'u184']"
L18600,['u188']
L18611,"['u194', 'u194']"
L18681,['u186']
L18683,"['u190', 'u180']"
L18685,['u190']
L18687,['u190']
L18694,['u193']
L18699,['u190']
L18717,['u186']
L18720,['u189']
L18751,['u180']
L18760,"['u186', 'u186']"
L18766,['u186']
L18773,['u183']
L18793,"['u180', 'u193', 'u180', 'u180']"
L18805,['u192']
L18821,"['u186', 'u179']"
L18838,['u186']
L18851,"['u189', 'u180']"
L18858,['u185']
L18866,['u180']
L18869,['u186']
L18906,['u180']
L18984,['u193']
L19009,['u180']
L19052,['u180']
L19118,"['u180', 'u193']"
L19130,"['u180', 'u193']"
L19145,"['u193', 'u193', 'u193']"
L19177,['u180']
L19191,"['u193', 'u193']"
L19238,['u193']
L1930,['u18']
L19312,"['u198', 'u198']"
L19324,"['u209', 'u208']"
L19329,['u201']
L19331,['u199']
L19397,"['u205', 'u195']"
L194,['u0']
L19418,"['u214', 'u214']"
L1942,['u19']
L19436,['u209']
L19441,"['u208', 'u202']"
L19444,['u202']
L19465,"['u198', 'u214']"
L19467,"['u198', 'u214']"
L19472,['u214']
L19479,['u210']
L1951,"['u16', 'u19']"
L19512,"['u214', 'u198']"
L19548,['u209']
L19553,['u197']
L19566,['u210']
L1957,"['u16', 'u19']"
L19602,['u207']
L19604,['u196']
L19621,['u210']
L19629,"['u214', 'u197']"
L1963,['u19']
L19652,['u197']
L19703,['u211']
L19706,"['u205', 'u205', 'u205']"
L19735,['u214']
L19753,"['u197', 'u197']"
L19773,"['u214', 'u198', 'u214']"
L19787,"['u214', 'u197']"
L19816,['u203']
L19824,['u203']
L19827,"['u214', 'u210']"
L19835,['u205']
L1989,"['u13', 'u13', 'u16']"
L200,['u0']
L2005,['u13']
L2014,"['u16', 'u16']"
L2019,['u13']
L2027,"['u24', 'u24']"
L2030,"['u24', 'u13']"
L2037,['u16']
L2071,"['u16', 'u18']"
L210,['u2']
L2106,['u24']
L2112,['u18']
L2127,['u17']
L2130,['u17']
L215,"['u2', 'u7']"
L2157,['u20']
L2170,"['u12', 'u12']"
L2196,"['u16', 'u22']"
L2274,['u13']
L2277,"['u16', 'u21']"
L2281,['u24']
L2290,['u16']
L2295,['u24']
L2318,['u16']
L2331,"['u16', 'u16']"
L2386,"['u16', 'u16']"
L2414,"['u18', 'u24']"
L24147,"['u224', 'u224', 'u225']"
L24189,"['u216', 'u216', 'u224']"
L24203,['u226']
L24208,['u226']
L24214,['u224']
L24218,['u224']
L24223,"['u218', 'u224']"
L24226,"['u218', 'u224']"
L24235,"['u224', 'u218', 'u224']"
L24239,['u224']
L24243,['u224']
L24245,['u224']
L24250,['u224']
L24252,['u227']
L24257,"['u224', 'u227']"
L24270,['u224']
L24279,"['u224', 'u224']"
L24285,"['u224', 'u221']"
L24287,['u221']
L2429,['u15']
L24293,['u221']
L24296,"['u218', 'u218']"
L24312,"['u218', 'u224']"
L24314,"['u217', 'u217']"
L24323,['u219']
L24328,['u220']
L24336,['u224']
L24357,['u224']
L24364,['u224']
L24386,"['u218', 'u224']"
L244,['u7']
L24401,['u215']
L24411,['u215']
L24418,['u215']
L24469,"['u224', 'u218']"
L24474,['u224']
L24477,['u218']
L24481,"['u224', 'u224']"
L24486,"['u218', 'u224']"
L24489,['u224']
L24509,['u224']
L24518,['u224']
L24525,['u224']
L24528,['u216']
L24535,"['u224', 'u218', 'u224']"
L24549,['u224']
L24552,"['u218', 'u224']"
L2456,['u18']
L24564,['u218']
L24568,['u222']
L24573,"['u222', 'u224']"
L24578,['u222']
L24586,"['u224', 'u224']"
L24598,['u218']
L24600,['u224']
L24606,['u224']
L24656,"['u224', 'u218']"
L24676,['u224']
L247,['u5']
L2484,['u16']
L252,['u5']
L2561,['u42']
L2565,"['u33', 'u30', 'u33']"
L257,['u8']
L2575,['u33']
L2582,"['u42', 'u33']"
L2595,['u29']
L2602,['u29']
L2604,"['u31', 'u29']"
L2611,['u31']
L26253,['u235']
L26277,['u230']
L26279,['u230']
L26296,"['u237', 'u239']"
L26302,"['u237', 'u239']"
L26312,['u239']
L26316,['u237']
L2635,"['u30', 'u42']"
L26362,['u230']
L26364,"['u230', 'u237']"
L26376,['u237']
L26385,['u228']
L2639,['u42']
L26407,['u230']
L26417,['u231']
L26430,['u233']
L26441,['u230']
L26459,['u233']
L2646,['u29']
L26473,['u231']
L26502,['u231']
L26524,['u237']
L2653,['u29']
L26554,['u236']
L26564,['u237']
L26571,['u233']
L26594,['u237']
L26601,['u231']
L26631,['u231']
L26659,['u233']
L2666,['u30']
L26662,['u233']
L26665,['u240']
L26670,['u230']
L26678,['u237']
L26695,['u237']
L26704,['u233']
L26712,['u237']
L26729,"['u237', 'u236']"
L26736,['u237']
L26752,['u229']
L26763,"['u237', 'u237', 'u230']"
L26769,"['u230', 'u237']"
L26773,['u230']
L2678,['u39']
L26783,['u229']
L26790,['u233']
L26792,['u233']
L26818,['u232']
L26834,['u231']
L26850,['u236']
L26859,['u237']
L26863,['u237']
L26894,['u233']
L26956,['u237']
L26971,['u237']
L2701,['u40']
L271,['u0']
L2724,['u35']
L2730,['u29']
L2735,['u34']
L2754,['u35']
L2778,['u42']
L2789,['u30']
L2801,['u28']
L2808,"['u38', 'u34']"
L2828,"['u43', 'u46', 'u46']"
L2845,['u32']
L2850,['u32']
L2863,['u35']
L287,"['u9', 'u9']"
L2875,"['u29', 'u34']"
L2887,['u34']
L2895,"['u34', 'u29', 'u34']"
L2899,['u34']
L2910,"['u48', 'u30']"
L294,['u4']
L2964,['u29']
L2971,"['u44', 'u29']"
L2975,['u44']
L298,"['u4', 'u9']"
L2986,['u44']
L2991,['u34']
L2993,"['u29', 'u29', 'u29']"
L29991,['u266']
L30012,['u257']
L30015,['u257']
L30028,['u257']
L30056,['u255']
L30064,"['u247', 'u255']"
L30087,"['u243', 'u255']"
L30095,['u245']
L30099,"['u245', 'u245', 'u255']"
L30113,"['u251', 'u267', 'u251']"
L30123,"['u251', 'u260']"
L30128,"['u253', 'u260']"
L30131,['u260']
L30133,['u260']
L30142,['u251']
L30152,"['u251', 'u251']"
L30161,['u251']
L30169,['u260']
L30171,['u255']
L30176,['u251']
L30182,['u258']
L30184,['u255']
L30191,['u255']
L30196,['u255']
L30200,['u255']
L30202,['u251']
L30205,"['u260', 'u255']"
L30223,"['u260', 'u244', 'u244', 'u260', 'u244', 'u260']"
L3024,['u35']
L30247,"['u244', 'u260']"
L30260,['u254']
L3027,"['u29', 'u36']"
L30280,['u251']
L30282,['u260']
L30294,['u251']
L30301,['u255']
L3031,"['u29', 'u41', 'u41']"
L30326,"['u255', 'u260']"
L30336,"['u255', 'u244']"
L30340,"['u257', 'u257']"
L30345,"['u252', 'u245', 'u252', 'u252']"
L30358,['u252']
L30364,['u251']
L30369,"['u251', 'u260', 'u251', 'u260']"
L30379,"['u255', 'u255', 'u255']"
L30425,['u247']
L30438,['u260']
L3045,['u27']
L30462,['u260']
L30466,"['u257', 'u257']"
L30480,['u247']
L30510,['u260']
L30515,"['u260', 'u260']"
L3052,['u34']
L30527,['u255']
L30533,"['u260', 'u255', 'u255', 'u260', 'u260']"
L30544,"['u260', 'u260', 'u255']"
L30566,"['u262', 'u255', 'u262']"
L30570,['u262']
L30578,"['u250', 'u250']"
L30585,"['u262', 'u255']"
L3059,['u27']
L30597,['u255']
L30614,"['u255', 'u262']"
L30619,['u255']
L3062,['u27']
L30623,['u255']
L30626,['u255']
L30630,['u252']
L30647,['u255']
L30653,"['u247', 'u255']"
L30663,['u255']
L30668,['u255']
L30678,['u252']
L30721,['u247']
L30728,['u247']
L30747,['u253']
L30761,['u251']
L30763,['u268']
L30765,['u255']
L30774,['u252']
L30777,['u260']
L30795,"['u258', 'u258', 'u267']"
L30802,"['u255', 'u251']"
L30812,['u251']
L30815,"['u255', 'u251', 'u255', 'u255']"
L30822,"['u268', 'u255']"
L3083,['u42']
L30831,"['u251', 'u255']"
L30842,['u258']
L30847,"['u260', 'u258', 'u260']"
L30853,"['u255', 'u258']"
L30856,"['u258', 'u255', 'u258']"
L30867,"['u260', 'u260']"
L30887,['u251']
L30894,['u255']
L30903,"['u260', 'u260']"
L30922,"['u255', 'u260']"
L30931,"['u255', 'u255']"
L31006,"['u261', 'u261']"
L31011,"['u255', 'u261']"
L31016,['u261']
L31022,['u247']
L3103,['u41']
L31031,"['u262', 'u262', 'u262']"
L31041,['u262']
L31045,"['u260', 'u260', 'u268', 'u260', 'u268']"
L31073,"['u257', 'u257']"
L311,['u5']
L31102,['u261']
L31106,"['u247', 'u261']"
L31117,['u253']
L31135,"['u255', 'u255']"
L31162,"['u241', 'u242', 'u241', 'u242', 'u242']"
L31212,['u261']
L31230,['u255']
L31239,['u247']
L31248,"['u255', 'u255']"
L3126,['u41']
L31270,['u255']
L31273,['u260']
L31287,['u255']
L31300,['u255']
L31329,['u247']
L31332,"['u257', 'u257', 'u266']"
L3135,['u41']
L31359,['u276']
L31362,"['u276', 'u276', 'u274']"
L31377,"['u276', 'u274', 'u274', 'u274']"
L31428,['u273']
L31440,['u274']
L31461,['u276']
L31470,['u274']
L3148,['u41']
L31497,['u276']
L31541,"['u275', 'u269']"
L31546,['u275']
L31550,"['u269', 'u275', 'u275', 'u275']"
L31558,"['u275', 'u274']"
L31572,['u275']
L31579,"['u275', 'u275']"
L31602,['u275']
L31605,['u277']
L31612,['u277']
L31617,"['u277', 'u277', 'u282']"
L31624,['u274']
L31629,['u278']
L31632,"['u274', 'u278', 'u278', 'u278']"
L31644,"['u269', 'u279', 'u279', 'u269', 'u279']"
L31656,['u269']
L31661,['u280']
L31668,['u269']
L3167,['u27']
L31679,"['u269', 'u274']"
L31683,['u269']
L31697,"['u275', 'u275', 'u274']"
L31711,['u275']
L31723,"['u269', 'u269']"
L31740,['u269']
L31765,['u274']
L31770,"['u276', 'u276', 'u276', 'u276']"
L31781,"['u276', 'u274', 'u276']"
L31796,"['u276', 'u274', 'u276', 'u276', 'u276', 'u274', 'u274', 'u274']"
L31823,"['u269', 'u274', 'u269', 'u274']"
L31833,['u269']
L31847,['u269']
L31851,['u274']
L31858,"['u276', 'u274', 'u274', 'u276']"
L31881,['u275']
L31906,['u269']
L31929,"['u269', 'u269']"
L31961,"['u275', 'u269']"
L31966,['u275']
L31972,"['u275', 'u275', 'u269', 'u269']"
L3198,['u34']
L31986,"['u269', 'u275']"
L31988,"['u275', 'u275']"
L32033,['u274']
L32043,['u275']
L32052,['u275']
L3208,['u28']
L32080,['u269']
L32083,"['u274', 'u269']"
L32086,['u269']
L32088,['u274']
L32094,"['u274', 'u274']"
L32117,['u269']
L32122,['u275']
L32132,['u277']
L32144,['u274']
L32158,"['u272', 'u274', 'u272']"
L32169,['u272']
L32198,['u275']
L3246,['u30']
L3248,['u30']
L3278,['u30']
L3289,['u28']
L3305,['u27']
L3309,['u34']
L3356,['u30']
L3372,"['u30', 'u42']"
L3376,['u30']
L338,"['u5', 'u11', 'u11']"
L3383,['u30']
L3409,['u31']
L3422,['u34']
L3425,['u34']
L3435,['u30']
L3459,['u26']
L34616,"['u305', 'u297']"
L34618,['u305']
L34628,['u297']
L34634,['u297']
L34637,['u285']
L3464,"['u26', 'u30', 'u26', 'u30', 'u26']"
L34643,['u305']
L34676,['u286']
L34730,"['u290', 'u290']"
L34734,['u290']
L34751,['u288']
L34758,"['u288', 'u284']"
L34761,"['u301', 'u288']"
L34766,['u292']
L34776,['u288']
L34781,"['u288', 'u301']"
L34797,"['u286', 'u288']"
L3482,['u30']
L34824,['u302']
L34829,['u288']
L34846,"['u289', 'u287']"
L34850,"['u287', 'u289']"
L34878,['u289']
L34898,['u299']
L34905,['u299']
L34909,['u287']
L34912,['u286']
L34920,"['u288', 'u286']"
L34925,['u288']
L34929,"['u287', 'u299']"
L34932,"['u299', 'u287', 'u299', 'u299']"
L34944,"['u299', 'u287', 'u287']"
L34962,"['u288', 'u297']"
L34968,['u288']
L34974,['u292']
L34978,['u292']
L3498,['u28']
L35001,"['u288', 'u299']"
L35010,['u299']
L35019,['u288']
L35021,['u288']
L35028,['u305']
L35033,['u297']
L35045,"['u285', 'u297']"
L35049,['u297']
L35051,['u287']
L35063,"['u299', 'u287']"
L35071,['u299']
L35088,['u297']
L35093,"['u297', 'u297']"
L35098,"['u297', 'u287']"
L35121,['u303']
L35138,['u294']
L35150,['u292']
L35155,['u294']
L35167,"['u288', 'u294']"
L35238,['u294']
L35252,['u288']
L35261,['u294']
L35276,['u294']
L35285,"['u300', 'u294']"
L35293,['u294']
L35297,['u288']
L35300,['u297']
L35302,['u288']
L35305,"['u288', 'u297']"
L35310,['u304']
L35330,"['u288', 'u288']"
L35337,"['u286', 'u286']"
L35343,['u288']
L35345,['u288']
L35349,['u288']
L35355,['u302']
L35393,['u296']
L35397,['u294']
L35401,['u294']
L35410,"['u294', 'u287']"
L35430,['u294']
L35436,['u288']
L35439,"['u287', 'u287', 'u287']"
L35451,"['u287', 'u287', 'u287']"
L35458,['u287']
L35462,"['u288', 'u294']"
L35468,"['u299', 'u288', 'u288']"
L35472,['u287']
L35482,['u286']
L35487,['u292']
L35494,"['u288', 'u297', 'u297']"
L35520,"['u297', 'u297']"
L35526,['u305']
L35568,"['u288', 'u290']"
L35576,"['u288', 'u292', 'u288']"
L35579,['u288']
L35582,"['u297', 'u288']"
L35584,['u288']
L35589,['u306']
L35630,"['u312', 'u313', 'u312']"
L35640,"['u309', 'u308']"
L35642,['u309']
L35660,['u312']
L35669,['u308']
L35680,['u312']
L35683,"['u312', 'u313']"
L35689,"['u312', 'u306']"
L35707,['u313']
L35711,['u313']
L35716,['u311']
L35739,"['u313', 'u317']"
L35749,"['u317', 'u313']"
L35751,['u313']
L35761,['u313']
L35764,"['u312', 'u313']"
L35770,['u308']
L35775,['u308']
L35828,['u306']
L35840,['u313']
L35857,"['u322', 'u320']"
L35872,['u326']
L35878,"['u323', 'u320']"
L35883,"['u323', 'u320', 'u320', 'u323']"
L35894,"['u326', 'u313', 'u326', 'u313']"
L35906,['u312']
L35913,['u311']
L35925,"['u313', 'u313']"
L35964,"['u308', 'u306']"
L35969,['u313']
L35977,['u313']
L35980,['u326']
L35982,['u313']
L36026,['u324']
L36035,"['u313', 'u306']"
L36040,['u313']
L36051,['u308']
L36058,['u313']
L36062,['u313']
L36066,['u313']
L36075,"['u320', 'u320']"
L36084,['u323']
L36091,['u322']
L36097,"['u323', 'u323']"
L36103,['u311']
L36116,"['u322', 'u323', 'u322']"
L36130,['u306']
L36137,['u309']
L36141,['u309']
L36151,['u322']
L36154,"['u322', 'u322']"
L36172,['u306']
L36180,['u313']
L36182,['u313']
L36187,"['u313', 'u312']"
L36195,"['u312', 'u313', 'u313', 'u313']"
L36213,"['u314', 'u314']"
L36218,['u314']
L36220,['u314']
L36229,['u316']
L36233,['u314']
L3626,['u58']
L36261,"['u322', 'u322']"
L36269,['u306']
L36280,['u308']
L36291,['u308']
L36295,['u308']
L36306,['u308']
L36309,"['u314', 'u313']"
L36313,['u308']
L36330,['u308']
L36342,"['u313', 'u313']"
L36361,['u313']
L36366,"['u326', 'u326']"
L36376,['u321']
L36394,"['u308', 'u306', 'u308']"
L36400,['u326']
L36403,"['u313', 'u326']"
L36421,['u306']
L36426,"['u308', 'u306']"
L36429,"['u313', 'u322']"
L36434,['u322']
L36449,['u313']
L36461,['u323']
L36498,['u322']
L36505,"['u313', 'u322', 'u322']"
L36522,['u308']
L36533,"['u315', 'u312']"
L36547,['u312']
L36554,['u327']
L36562,['u327']
L36583,['u341']
L36592,['u341']
L36611,['u336']
L36622,['u327']
L36625,"['u336', 'u327']"
L36630,['u327']
L36634,['u336']
L36666,['u327']
L36671,['u334']
L367,['u0']
L36700,"['u327', 'u327']"
L36703,"['u343', 'u327']"
L36712,"['u327', 'u327', 'u331', 'u331', 'u331', 'u327', 'u331']"
L3672,"['u55', 'u55', 'u52']"
L36743,"['u331', 'u331', 'u331']"
L36748,['u331']
L36754,['u327']
L36758,['u327']
L36760,"['u327', 'u331']"
L36768,['u331']
L36775,['u327']
L36779,"['u327', 'u329', 'u329']"
L36785,['u340']
L36788,['u340']
L3679,"['u55', 'u55']"
L36813,['u327']
L36827,"['u327', 'u327', 'u327']"
L36853,['u338']
L36869,['u340']
L36875,['u340']
L36879,"['u327', 'u327', 'u327']"
L3688,['u55']
L36884,"['u340', 'u327']"
L36888,"['u327', 'u327']"
L36898,"['u329', 'u327']"
L36902,['u329']
L36918,['u327']
L36921,"['u337', 'u327']"
L36940,['u327']
L36967,"['u327', 'u336']"
L36971,['u327']
L36990,['u337']
L36993,"['u337', 'u327', 'u337', 'u337', 'u337', 'u337']"
L37010,['u337']
L37022,['u327']
L37027,['u337']
L37055,"['u327', 'u330']"
L37084,['u327']
L37115,"['u327', 'u331', 'u327']"
L3712,['u55']
L37129,"['u337', 'u327', 'u337']"
L37134,['u327']
L37147,['u341']
L37181,['u336']
L37198,"['u327', 'u338']"
L3720,['u55']
L37200,"['u338', 'u327']"
L37212,['u336']
L37223,['u327']
L37231,"['u336', 'u327']"
L37252,['u336']
L37255,['u337']
L37260,['u327']
L37269,"['u337', 'u327', 'u337']"
L37276,['u337']
L3730,"['u54', 'u55']"
L37313,['u333']
L37317,"['u333', 'u333']"
L37322,['u333']
L37325,"['u327', 'u333', 'u327']"
L37332,"['u333', 'u327']"
L37336,['u327']
L37345,['u327']
L37352,"['u327', 'u327']"
L37379,"['u327', 'u327', 'u337']"
L3738,['u61']
L37399,['u337']
L37410,"['u339', 'u327']"
L37423,"['u336', 'u327']"
L37435,"['u327', 'u336']"
L37442,['u327']
L37446,"['u328', 'u328']"
L3745,"['u61', 'u61']"
L37455,['u328']
L37459,"['u327', 'u327']"
L37463,['u327']
L37476,['u327']
L375,['u9']
L3751,['u61']
L3760,['u61']
L3766,"['u61', 'u61']"
L3770,['u55']
L3772,['u61']
L3774,['u54']
L3779,"['u55', 'u54']"
L378,['u7']
L3805,['u59']
L3817,['u55']
L3824,"['u59', 'u59', 'u59']"
L383,['u9']
L3832,"['u59', 'u59']"
L3837,['u55']
L3868,['u55']
L388,['u2']
L3889,['u57']
L3904,"['u57', 'u57']"
L3942,['u50']
L3963,"['u60', 'u60']"
L3972,['u60']
L3979,['u60']
L4006,['u56']
L4020,"['u60', 'u60', 'u60']"
L4028,"['u60', 'u60']"
L404,['u0']
L4068,['u56']
L4079,"['u50', 'u56']"
L4096,['u60']
L411,['u2']
L4118,['u56']
L416,['u7']
L4169,"['u56', 'u60']"
L4174,['u56']
L4181,['u60']
L4188,"['u60', 'u50']"
L4219,"['u50', 'u56', 'u50']"
L4227,"['u56', 'u56']"
L426,['u2']
L4265,"['u50', 'u50', 'u56']"
L4296,['u50']
L430,['u2']
L4333,['u56']
L4346,"['u56', 'u50', 'u56']"
L4353,"['u56', 'u56', 'u50']"
L4360,"['u56', 'u56']"
L4366,"['u50', 'u56']"
L441,"['u0', 'u5']"
L4453,['u69']
L4469,['u67']
L4477,"['u67', 'u68']"
L44806,['u349']
L44820,['u354']
L44822,['u344']
L44825,['u354']
L44827,['u348']
L44834,['u348']
L44839,"['u355', 'u356', 'u355']"
L44845,['u349']
L44854,['u349']
L44858,['u349']
L44864,"['u349', 'u349']"
L44867,"['u344', 'u354']"
L44878,['u344']
L44887,['u359']
L44891,"['u345', 'u345']"
L44913,['u357']
L44926,['u357']
L44936,['u349']
L45006,['u349']
L45012,['u354']
L45025,['u344']
L45030,['u354']
L45043,['u346']
L45052,['u359']
L45054,"['u359', 'u359', 'u359']"
L45073,['u344']
L45086,"['u354', 'u350']"
L45097,['u354']
L45107,['u354']
L45115,"['u354', 'u344', 'u344']"
L45122,"['u344', 'u344']"
L4513,['u68']
L45169,['u355']
L45201,"['u354', 'u345', 'u354', 'u354']"
L45211,"['u344', 'u355', 'u355']"
L45219,['u344']
L45225,"['u354', 'u354']"
L4523,['u67']
L45239,['u354']
L45244,"['u354', 'u354']"
L45265,['u344']
L45268,['u354']
L45278,['u358']
L4528,['u68']
L45281,['u354']
L45290,['u354']
L45297,"['u354', 'u353', 'u354', 'u354']"
L45302,['u354']
L45307,['u353']
L45310,['u353']
L45332,['u354']
L45335,['u354']
L45343,['u354']
L45361,"['u353', 'u354', 'u354', 'u353', 'u354']"
L45405,['u349']
L45418,['u349']
L45426,['u358']
L45428,['u354']
L4543,"['u69', 'u69', 'u69']"
L4548,"['u75', 'u75']"
L45497,['u354']
L45500,['u354']
L45516,"['u355', 'u349']"
L45528,['u349']
L45539,['u355']
L45550,['u354']
L45566,['u352']
L45598,['u347']
L45601,['u347']
L45618,['u350']
L4562,['u64']
L458,"['u1', 'u9']"
L4642,['u77']
L4672,"['u67', 'u73']"
L4681,['u73']
L4685,['u67']
L4689,['u67']
L4691,['u70']
L4707,"['u67', 'u68']"
L4712,"['u68', 'u67', 'u68', 'u67']"
L4731,['u67']
L4739,['u67']
L4743,['u67']
L4763,['u67']
L4771,"['u67', 'u67']"
L4778,['u71']
L4780,"['u67', 'u71']"
L4800,"['u67', 'u67']"
L4809,"['u75', 'u67']"
L481,['u9']
L4825,['u71']
L4836,['u68']
L4848,['u71']
L4860,"['u67', 'u71']"
L4870,['u67']
L4873,['u67']
L4882,"['u71', 'u67']"
L4897,['u63']
L4959,['u66']
L4964,['u71']
L4969,"['u67', 'u71', 'u71']"
L4974,['u67']
L4994,['u71']
L5007,['u71']
L5018,['u71']
L5023,['u67']
L5028,"['u67', 'u71', 'u67']"
L5036,['u71']
L5049,"['u71', 'u71']"
L5052,['u67']
L5057,['u67']
L5060,['u71']
L5065,['u67']
L5067,['u71']
L5069,['u67']
L5102,"['u70', 'u70']"
L5115,['u71']
L5132,['u73']
L5162,['u67']
L5164,['u67']
L517,['u0']
L5171,['u71']
L5175,['u71']
L5183,['u71']
L5197,"['u67', 'u71']"
L5201,['u71']
L5204,['u71']
L5208,"['u71', 'u67']"
L5224,['u71']
L5233,['u75']
L5236,"['u67', 'u71']"
L525,['u0']
L5253,['u71']
L5264,['u71']
L5266,['u71']
L5275,['u67']
L5284,"['u68', 'u67']"
L5288,['u68']
L529,['u0']
L5290,"['u71', 'u67']"
L5292,['u68']
L5306,['u71']
L5308,"['u71', 'u67']"
L531,['u0']
L5351,['u71']
L5355,['u67']
L5370,['u71']
L5372,['u71']
L5375,['u71']
L5383,['u71']
L5404,['u92']
L5422,['u83']
L5426,['u83']
L5443,['u91']
L5448,['u96']
L5463,['u91']
L5468,"['u91', 'u78']"
L5479,['u91']
L5493,['u81']
L5501,['u81']
L5531,['u89']
L55321,"['u132', 'u135']"
L5534,['u84']
L55350,['u132']
L55379,['u138']
L55383,['u131']
L55389,['u131']
L55428,"['u135', 'u135']"
L5543,"['u84', 'u98']"
L55434,['u135']
L55451,['u131']
L55494,['u137']
L55531,['u137']
L55544,"['u138', 'u133']"
L55557,"['u134', 'u137']"
L55570,['u132']
L55596,['u135']
L5560,['u87']
L55626,['u138']
L55645,['u135']
L55652,"['u135', 'u135']"
L55667,['u131']
L55670,['u138']
L55696,['u135']
L55703,['u138']
L55728,['u135']
L55822,['u135']
L55832,['u134']
L55850,['u131']
L55853,['u131']
L55879,"['u363', 'u362', 'u363', 'u363']"
L55884,['u363']
L55891,['u370']
L55902,"['u361', 'u362']"
L55923,['u374']
L55928,['u374']
L55955,"['u362', 'u363', 'u363', 'u363']"
L55968,['u363']
L55972,"['u362', 'u363']"
L55979,['u363']
L55986,"['u364', 'u364', 'u364', 'u364']"
L55997,['u377']
L56000,"['u377', 'u362', 'u377', 'u362', 'u362', 'u377', 'u362']"
L56022,"['u377', 'u362']"
L56032,['u363']
L56040,['u367']
L56042,['u372']
L56076,"['u367', 'u373']"
L56078,"['u367', 'u373']"
L56080,['u367']
L56084,"['u367', 'u373']"
L56086,"['u368', 'u368']"
L56091,['u367']
L56110,['u362']
L5613,['u78']
L56141,['u362']
L56160,['u371']
L56163,"['u371', 'u371', 'u371', 'u377']"
L56173,['u371']
L56175,['u362']
L56177,['u371']
L56180,['u362']
L56188,"['u362', 'u377', 'u362']"
L56197,['u362']
L56226,"['u362', 'u377']"
L56229,['u363']
L56232,['u362']
L56247,"['u360', 'u360', 'u362', 'u362', 'u360']"
L56258,"['u360', 'u362']"
L56275,"['u360', 'u360', 'u362']"
L56282,['u368']
L56284,"['u368', 'u367']"
L56286,['u368']
L56305,"['u363', 'u362', 'u363']"
L56324,['u363']
L56331,['u362']
L56336,['u362']
L56342,"['u377', 'u377', 'u362', 'u377']"
L56355,"['u362', 'u377']"
L5636,['u78']
L56363,"['u367', 'u376']"
L56367,['u375']
L56373,['u367']
L56375,['u376']
L56384,['u376']
L56386,['u376']
L56388,['u367']
L56394,['u362']
L56404,"['u362', 'u377']"
L56437,"['u362', 'u377']"
L56452,['u367']
L5646,['u79']
L56468,"['u375', 'u367', 'u375']"
L56474,['u367']
L56482,"['u367', 'u362']"
L56484,"['u367', 'u368', 'u368']"
L56489,['u367']
L56497,"['u367', 'u375', 'u367']"
L56505,['u362']
L56512,['u362']
L5652,['u78']
L56531,"['u362', 'u362']"
L56558,['u362']
L5656,['u84']
L56570,['u362']
L56574,"['u366', 'u366']"
L56592,"['u367', 'u362']"
L56601,['u362']
L56616,"['u362', 'u377']"
L56623,['u363']
L56628,"['u363', 'u362']"
L56630,"['u362', 'u363']"
L56634,['u362']
L5664,['u84']
L5671,['u78']
L5686,['u78']
L5722,['u97']
L5730,['u79']
L5737,['u99']
L57464,"['u380', 'u388']"
L57482,['u383']
L57486,['u383']
L57495,['u380']
L57499,['u385']
L575,['u2']
L57508,"['u387', 'u387']"
L57533,['u383']
L5754,"['u99', 'u78']"
L57541,['u383']
L57556,['u387']
L57562,['u381']
L57566,['u383']
L57577,"['u387', 'u383']"
L57581,['u383']
L57587,['u380']
L57593,['u387']
L57600,['u387']
L57606,['u387']
L57624,['u387']
L57626,['u387']
L57638,['u386']
L57640,['u386']
L57657,['u380']
L57664,"['u380', 'u387', 'u380', 'u380']"
L57693,['u380']
L57696,['u387']
L57714,['u386']
L57728,['u387']
L57735,['u383']
L57737,['u383']
L57740,['u380']
L57751,['u383']
L57755,"['u378', 'u387']"
L57769,"['u387', 'u387', 'u380']"
L5777,['u88']
L57775,['u387']
L57785,['u384']
L57793,['u387']
L57815,['u389']
L57832,['u387']
L57837,['u387']
L57865,['u383']
L57869,['u383']
L5787,['u84']
L57875,['u383']
L57884,"['u383', 'u387']"
L57891,"['u383', 'u383']"
L5790,['u88']
L57911,['u387']
L5794,"['u90', 'u90', 'u90']"
L57946,['u387']
L57950,['u380']
L57964,"['u382', 'u382']"
L57968,['u382']
L57971,"['u380', 'u382']"
L57982,['u382']
L57998,['u387']
L58007,"['u380', 'u387']"
L58009,['u381']
L58031,['u387']
L5804,"['u90', 'u84']"
L58049,"['u380', 'u382']"
L58059,"['u383', 'u387', 'u383']"
L58066,['u389']
L58074,['u381']
L5809,['u84']
L58092,['u388']
L58096,"['u388', 'u388', 'u388', 'u380']"
L58124,"['u387', 'u381']"
L58128,['u381']
L58131,"['u388', 'u388']"
L58137,"['u388', 'u380', 'u388']"
L58165,['u387']
L5817,['u84']
L58193,['u387']
L5820,['u90']
L58202,"['u387', 'u387']"
L58209,"['u380', 'u380']"
L58220,['u380']
L5826,"['u84', 'u78']"
L5889,['u78']
L589,['u4']
L59059,"['u406', 'u406']"
L59091,['u391']
L59095,['u403']
L59098,['u391']
L59101,['u395']
L59129,['u406']
L59139,['u395']
L59147,['u406']
L59168,['u393']
L59181,['u393']
L592,['u4']
L59200,"['u392', 'u392', 'u393', 'u392']"
L59209,"['u393', 'u392']"
L59216,"['u406', 'u409', 'u406']"
L59221,['u409']
L59232,['u401']
L59237,"['u401', 'u401', 'u401']"
L5924,['u86']
L59245,['u402']
L59247,"['u396', 'u396', 'u393', 'u396']"
L59252,['u401']
L59266,"['u401', 'u401']"
L59284,"['u406', 'u392', 'u406']"
L59291,"['u392', 'u392']"
L59300,"['u392', 'u406']"
L59309,['u406']
L59322,"['u407', 'u407']"
L59329,['u406']
L5933,['u84']
L59336,['u398']
L59339,['u403']
L59342,['u406']
L59352,['u406']
L59400,['u406']
L59405,['u399']
L59421,['u391']
L5943,['u84']
L59431,['u407']
L59438,['u406']
L5946,['u84']
L59479,['u392']
L59481,['u392']
L59489,['u406']
L5949,['u85']
L595,['u0']
L59501,['u392']
L59505,['u397']
L59510,['u397']
L59519,['u393']
L59549,['u406']
L59553,"['u401', 'u394']"
L59582,"['u395', 'u405', 'u395']"
L59608,['u392']
L59614,['u401']
L59616,['u401']
L59655,['u406']
L59664,['u406']
L59672,['u394']
L59680,['u393']
L59687,"['u406', 'u409', 'u406']"
L59698,['u406']
L59705,['u395']
L59712,['u403']
L59742,['u406']
L598,['u3']
L59803,['u409']
L59814,['u394']
L59816,['u401']
L59825,['u403']
L59834,['u406']
L59845,['u406']
L59871,['u402']
L59888,['u393']
L59911,['u406']
L59916,['u401']
L59922,['u406']
L59926,['u392']
L59960,['u421']
L59966,['u421']
L59978,['u414']
L59987,"['u413', 'u413']"
L60003,['u424']
L60005,"['u424', 'u424', 'u424']"
L60014,"['u423', 'u412', 'u423']"
L60023,['u412']
L60039,['u417']
L60047,['u423']
L60049,['u412']
L60052,['u421']
L60056,['u420']
L6006,['u99']
L60067,['u412']
L60075,"['u416', 'u412', 'u416']"
L60080,['u412']
L60089,['u421']
L60092,['u412']
L60097,"['u412', 'u412']"
L60102,"['u421', 'u412']"
L60111,['u412']
L60131,['u421']
L60167,"['u421', 'u412']"
L60180,"['u411', 'u411']"
L60208,['u421']
L60212,['u423']
L60214,['u423']
L60241,"['u417', 'u417', 'u417']"
L60250,"['u412', 'u417']"
L60259,['u423']
L60266,"['u422', 'u422', 'u422', 'u422', 'u422', 'u422']"
L60279,"['u412', 'u417']"
L60302,['u411']
L60307,['u421']
L60315,['u421']
L60332,['u421']
L60351,['u412']
L60375,['u417']
L60382,['u420']
L60389,"['u420', 'u420']"
L60397,['u419']
L60402,"['u419', 'u420', 'u420']"
L60418,['u420']
L60437,['u420']
L60440,['u420']
L60444,['u420']
L60473,"['u421', 'u416']"
L60489,"['u421', 'u421', 'u416', 'u421']"
L60514,"['u418', 'u420', 'u418']"
L60525,"['u412', 'u420']"
L60527,"['u420', 'u420']"
L60536,['u417']
L60547,"['u420', 'u420']"
L60558,['u417']
L6057,['u85']
L60570,"['u412', 'u417', 'u412']"
L60581,"['u412', 'u412']"
L60605,['u421']
L60628,['u412']
L60635,"['u417', 'u412', 'u417', 'u417']"
L60648,['u412']
L60655,['u422']
L60659,['u422']
L60664,['u412']
L60704,['u412']
L60706,['u420']
L60711,"['u412', 'u417', 'u412', 'u417']"
L60722,['u421']
L60727,"['u416', 'u416']"
L60749,"['u412', 'u420']"
L60751,"['u420', 'u412']"
L60758,['u420']
L60766,['u420']
L60769,['u419']
L60771,"['u419', 'u419']"
L60778,"['u419', 'u419', 'u419', 'u419', 'u419', 'u419']"
L60800,"['u421', 'u421']"
L60807,"['u421', 'u412']"
L60809,"['u421', 'u412']"
L60818,['u412']
L60820,['u412']
L60842,['u411']
L60845,['u411']
L60858,['u411']
L60897,['u420']
L6105,['u80']
L6108,"['u84', 'u80']"
L6114,['u84']
L6123,['u84']
L6168,"['u78', 'u84']"
L61711,"['u432', 'u432']"
L61715,['u432']
L61722,['u428']
L61728,"['u425', 'u432', 'u425']"
L61805,['u432']
L61812,['u432']
L61817,"['u425', 'u425', 'u432']"
L61846,"['u432', 'u431']"
L61852,['u431']
L61854,"['u434', 'u433']"
L61856,"['u433', 'u433', 'u433', 'u433']"
L61863,['u434']
L61871,['u432']
L61876,['u432']
L61880,"['u431', 'u431']"
L61886,['u432']
L61888,['u432']
L61892,['u432']
L61896,"['u432', 'u428']"
L6190,['u86']
L61903,['u432']
L61917,['u425']
L61920,"['u432', 'u432']"
L61927,['u430']
L61933,['u432']
L61938,"['u432', 'u432']"
L61941,['u425']
L61957,['u432']
L61982,['u427']
L6215,['u86']
L6219,['u94']
L623,['u9']
L6237,['u85']
L6251,['u78']
L62559,"['u438', 'u439']"
L62565,['u439']
L62572,['u441']
L6258,['u78']
L62594,['u439']
L62600,"['u441', 'u441']"
L62605,"['u439', 'u441']"
L62608,['u441']
L62610,"['u441', 'u441']"
L62617,"['u441', 'u439']"
L62619,"['u438', 'u446']"
L62624,"['u438', 'u446']"
L6263,"['u78', 'u84']"
L62641,['u452']
L62645,['u438']
L62650,['u439']
L62679,['u438']
L62696,['u446']
L62703,['u446']
L62716,['u452']
L62724,"['u437', 'u452']"
L62734,"['u437', 'u437', 'u452']"
L62745,['u437']
L62752,"['u439', 'u441']"
L62760,"['u439', 'u439']"
L62765,"['u441', 'u439']"
L62770,['u439']
L62780,['u439']
L62788,['u439']
L62790,"['u439', 'u441']"
L62795,"['u441', 'u439']"
L62798,['u441']
L62822,['u438']
L62834,['u439']
L62860,['u439']
L62868,['u450']
L62878,['u439']
L62880,['u438']
L62884,['u447']
L62887,['u447']
L6289,['u84']
L62896,['u447']
L62909,"['u452', 'u439']"
L62917,"['u452', 'u439', 'u439']"
L62922,['u439']
L62924,"['u439', 'u441', 'u441', 'u441']"
L62934,"['u441', 'u439']"
L62936,['u439']
L62949,"['u448', 'u439', 'u439']"
L62973,['u437']
L62996,['u441']
L62998,"['u439', 'u444']"
L63004,"['u439', 'u444']"
L63014,['u439']
L6302,['u85']
L63020,"['u439', 'u439']"
L63027,['u447']
L63048,['u439']
L63059,['u452']
L63074,"['u451', 'u447']"
L63077,"['u447', 'u447']"
L63086,['u447']
L63090,"['u441', 'u441']"
L63112,['u439']
L63134,['u445']
L63145,['u439']
L63147,['u445']
L63158,"['u445', 'u445']"
L63179,['u440']
L63185,['u443']
L63188,"['u443', 'u443']"
L63192,['u443']
L63204,['u447']
L63209,"['u447', 'u447']"
L63216,['u451']
L63223,['u451']
L63277,"['u449', 'u441']"
L63281,['u441']
L63288,['u449']
L63299,['u449']
L63311,['u439']
L63319,"['u439', 'u442', 'u439', 'u439', 'u442']"
L63341,['u439']
L63360,"['u437', 'u435']"
L63365,"['u452', 'u452', 'u447']"
L6337,['u114']
L63378,"['u452', 'u447']"
L63386,"['u447', 'u451', 'u447', 'u451', 'u447']"
L63447,['u447']
L63454,"['u447', 'u453', 'u453']"
L63460,"['u453', 'u447', 'u447']"
L63499,['u439']
L63502,"['u452', 'u439']"
L63506,"['u439', 'u439']"
L63513,"['u452', 'u447', 'u452', 'u452']"
L63527,"['u452', 'u447']"
L63536,['u439']
L6354,['u114']
L63563,['u439']
L6358,['u112']
L63585,['u435']
L6361,"['u100', 'u114']"
L6374,"['u106', 'u106']"
L6382,['u109']
L6386,['u109']
L6395,['u109']
L6399,['u109']
L6410,['u114']
L6419,"['u109', 'u109']"
L6425,['u109']
L6429,['u114']
L6437,['u104']
L6443,"['u114', 'u114']"
L64444,['u473']
L64460,"['u462', 'u473', 'u462', 'u473', 'u473', 'u462', 'u473']"
L64468,"['u473', 'u462']"
L64493,"['u473', 'u462']"
L64496,"['u455', 'u466', 'u455', 'u466']"
L64505,['u473']
L64509,['u473']
L64523,"['u463', 'u455']"
L64528,['u463']
L64534,"['u457', 'u457', 'u457', 'u457']"
L64549,['u473']
L64554,['u473']
L64558,['u457']
L64571,['u457']
L64573,['u463']
L6460,"['u104', 'u104']"
L64601,['u473']
L64613,['u468']
L64622,"['u473', 'u468']"
L64628,"['u468', 'u473']"
L64633,"['u473', 'u458', 'u458', 'u458']"
L64657,"['u458', 'u473']"
L6468,"['u114', 'u114', 'u114']"
L64680,"['u457', 'u457', 'u473']"
L64684,"['u457', 'u457', 'u473', 'u457', 'u457', 'u473', 'u457']"
L64723,"['u456', 'u473']"
L64728,"['u456', 'u473', 'u456']"
L6473,['u114']
L64738,['u456']
L64759,['u456']
L64761,"['u456', 'u456', 'u473']"
L64767,"['u456', 'u456']"
L64770,['u473']
L64772,['u459']
L64774,"['u473', 'u459']"
L64787,['u473']
L64790,['u459']
L64797,"['u459', 'u459']"
L64813,['u459']
L6482,['u114']
L64832,"['u472', 'u459']"
L64844,['u459']
L6485,"['u110', 'u110', 'u114']"
L64873,['u473']
L64877,"['u473', 'u475', 'u473', 'u473']"
L64893,['u460']
L64929,"['u474', 'u473']"
L64932,"['u474', 'u474']"
L64941,['u461']
L64970,['u473']
L64978,"['u473', 'u461', 'u473', 'u461']"
L64985,['u473']
L64989,"['u473', 'u461', 'u473', 'u461']"
L64993,"['u473', 'u474', 'u473']"
L64998,['u474']
L65001,"['u474', 'u474', 'u473']"
L65045,['u465']
L65070,['u464']
L65078,['u464']
L65101,['u465']
L65122,"['u473', 'u470', 'u470']"
L65132,['u473']
L65143,"['u470', 'u473']"
L65163,"['u461', 'u473']"
L65169,"['u469', 'u469', 'u469', 'u473', 'u469', 'u473', 'u469']"
L65193,['u473']
L6570,['u108']
L6576,"['u114', 'u108', 'u114']"
L66,['u7']
L66019,['u476']
L66024,['u479']
L66028,['u479']
L66034,['u485']
L6605,['u101']
L66052,['u485']
L66057,['u485']
L66062,"['u485', 'u479']"
L66067,['u482']
L66075,['u482']
L66082,"['u479', 'u479', 'u479']"
L66101,['u482']
L66122,"['u479', 'u478']"
L66132,"['u479', 'u482']"
L6614,"['u108', 'u108', 'u108', 'u108']"
L66151,"['u487', 'u487', 'u487']"
L66170,['u487']
L66182,"['u478', 'u482']"
L66185,['u478']
L66193,['u478']
L662,['u2']
L66213,['u482']
L66226,['u482']
L6623,"['u108', 'u108']"
L66238,['u479']
L66240,['u480']
L66242,['u480']
L66249,['u479']
L66258,"['u480', 'u480', 'u480']"
L66269,['u481']
L66277,['u481']
L66281,"['u487', 'u487']"
L66286,['u480']
L66304,['u477']
L66331,['u477']
L66352,"['u481', 'u481']"
L66363,['u478']
L66369,['u480']
L66371,['u478']
L66386,['u483']
L66389,"['u483', 'u483']"
L66397,['u480']
L66403,['u480']
L66406,['u479']
L66411,['u479']
L66414,"['u479', 'u482']"
L66416,['u482']
L66419,"['u479', 'u479', 'u485']"
L66430,['u479']
L66436,['u479']
L66438,"['u478', 'u478']"
L66442,"['u479', 'u479']"
L66453,['u479']
L66458,['u482']
L66461,['u479']
L66464,['u479']
L66467,['u482']
L66470,['u479']
L6648,['u114']
L66480,['u478']
L66491,['u482']
L66498,['u482']
L66501,['u481']
L66505,['u478']
L66530,"['u483', 'u483']"
L66537,"['u478', 'u483', 'u478']"
L66543,['u483']
L66550,['u483']
L66573,"['u483', 'u478', 'u483']"
L66586,['u481']
L66590,['u481']
L66595,"['u483', 'u481', 'u483']"
L66620,['u477']
L66626,['u479']
L66634,"['u478', 'u479']"
L66636,"['u482', 'u479', 'u482', 'u482']"
L66651,"['u485', 'u485']"
L66667,['u480']
L66670,"['u480', 'u479']"
L66676,['u480']
L66682,"['u479', 'u480', 'u479', 'u480', 'u479']"
L66687,['u480']
L66691,['u480']
L66694,['u482']
L66701,['u479']
L66705,['u482']
L66707,['u479']
L66709,['u482']
L66711,['u482']
L66713,['u482']
L66715,['u482']
L66718,['u480']
L66721,['u480']
L66733,"['u480', 'u480']"
L66737,['u480']
L66745,['u479']
L66748,['u479']
L6676,['u113']
L66767,['u479']
L66776,['u485']
L66780,['u479']
L66786,"['u479', 'u479']"
L6679,['u113']
L66796,['u479']
L66805,['u484']
L66809,"['u484', 'u482', 'u484']"
L66839,['u482']
L66842,['u478']
L66849,['u478']
L66852,['u479']
L66854,['u482']
L66857,['u482']
L6686,"['u107', 'u107']"
L66916,"['u478', 'u478']"
L6693,['u114']
L66936,['u479']
L66942,['u482']
L66958,"['u479', 'u479']"
L66967,"['u485', 'u479', 'u479', 'u479', 'u479']"
L66976,"['u479', 'u479']"
L66990,['u482']
L67008,['u478']
L67042,['u479']
L6707,"['u102', 'u105']"
L6722,"['u114', 'u114', 'u108', 'u114', 'u108']"
L6738,['u114']
L6791,['u114']
L6803,['u114']
L6823,['u114']
L6833,['u103']
L6840,['u103']
L6847,['u103']
L6865,['u103']
L6868,"['u106', 'u106']"
L6881,"['u114', 'u114']"
L6886,['u114']
L6890,['u106']
L6902,['u114']
L6909,['u102']
L6911,['u103']
L6960,"['u114', 'u114']"
L6971,['u114']
L6996,['u100']
L7001,['u100']
L7018,"['u105', 'u114']"
L7026,"['u105', 'u114']"
L7070,['u114']
L7081,['u114']
L7088,"['u114', 'u114', 'u114']"
L716,['u5']
L740,['u2']
L747,['u4']
L750,['u5']
L764,['u9']
L77,['u7']
L7995,['u115']
L8033,['u121']
L8048,['u119']
L8076,"['u116', 'u115']"
L8083,['u122']
L8091,['u115']
L8094,"['u121', 'u121']"
L8104,['u119']
L8121,"['u121', 'u121']"
L8134,['u119']
L8161,['u115']
L8184,"['u115', 'u117']"
L8189,['u115']
L8200,['u121']
L8217,"['u115', 'u116']"
L8225,['u121']
L8250,['u115']
L8273,['u115']
L8287,['u115']
L8294,['u115']
L8362,['u123']
L83658,['u492']
L83670,"['u498', 'u498']"
L83703,['u498']
L8376,['u123']
L83765,['u498']
L83777,['u492']
L83785,['u492']
L83794,"['u492', 'u492']"
L83848,['u492']
L83853,['u492']
L83872,['u492']
L83892,['u489']
L83912,['u492']
L8393,['u123']
L83936,['u492']
L83957,['u492']
L83969,['u497']
L83972,['u497']
L83989,"['u492', 'u492']"
L84028,['u488']
L84037,['u488']
L84040,['u488']
L84060,['u492']
L84065,['u488']
L8407,['u123']
L84070,['u492']
L84073,['u497']
L8409,['u125']
L84147,['u494']
L84152,['u498']
L84158,['u498']
L84176,"['u498', 'u492']"
L8419,['u123']
L84191,['u492']
L84212,['u492']
L84214,"['u492', 'u496']"
L84238,['u497']
L84261,['u493']
L84266,"['u498', 'u493']"
L84314,['u492']
L84323,"['u493', 'u493', 'u498']"
L84349,['u497']
L84354,['u491']
L84360,['u491']
L8480,['u128']
L8482,['u126']
L8488,['u128']
L8522,"['u130', 'u123']"
L8545,['u123']
L85538,"['u501', 'u501']"
L8556,['u123']
L85611,['u502']
L8562,['u130']
L85637,"['u504', 'u501']"
L8564,['u130']
L85643,['u504']
L85655,['u504']
L85669,"['u504', 'u501']"
L85681,['u504']
L85693,['u504']
L8570,['u126']
L85713,['u501']
L85737,['u504']
L85739,"['u501', 'u504']"
L85787,['u499']
L85794,['u504']
L85799,['u504']
L85843,['u501']
L85863,['u501']
L85927,['u502']
L85940,['u502']
L85971,['u502']
L85977,"['u502', 'u502']"
L85995,['u502']
L860,['u0']
L86009,['u502']
L8609,['u123']
L86094,['u503']
L8611,"['u128', 'u123']"
L8613,"['u123', 'u130']"
L86143,['u517']
L86148,"['u517', 'u511']"
L86152,['u511']
L86165,['u517']
L86174,['u515']
L86181,"['u519', 'u519']"
L86192,['u518']
L86198,['u512']
L862,['u2']
L8620,['u123']
L86202,['u513']
L8622,"['u128', 'u128']"
L86230,['u515']
L86235,['u510']
L86258,['u509']
L86281,['u515']
L86287,"['u509', 'u509']"
L8629,['u128']
L86313,['u511']
L86342,['u519']
L86344,"['u519', 'u519', 'u511']"
L86389,['u519']
L86396,['u519']
L86420,['u515']
L86426,['u511']
L86428,['u515']
L86437,['u515']
L86442,"['u515', 'u515']"
L86453,['u511']
L86473,"['u515', 'u511']"
L86476,['u511']
L86482,['u511']
L86485,"['u511', 'u511']"
L86504,['u508']
L86512,['u511']
L86541,['u514']
L86558,"['u511', 'u511', 'u514']"
L86570,['u511']
L86576,['u511']
L86585,['u514']
L86589,"['u514', 'u515']"
L86606,"['u515', 'u511']"
L86657,['u509']
L86660,['u516']
L86664,"['u509', 'u516']"
L86670,['u514']
L86704,"['u511', 'u511']"
L86722,['u511']
L86727,['u505']
L8674,"['u123', 'u130']"
L86745,['u515']
L86756,"['u511', 'u505']"
L86777,"['u511', 'u514']"
L86791,['u511']
L86793,['u515']
L86807,['u516']
L86814,"['u515', 'u515']"
L86831,['u511']
L86847,"['u516', 'u515', 'u516']"
L86865,['u511']
L86884,['u515']
L86897,['u505']
L86902,"['u511', 'u519']"
L86920,['u511']
L86931,['u514']
L8699,"['u123', 'u130']"
L87018,['u525']
L8704,['u130']
L87060,['u520']
L87066,['u525']
L87072,['u525']
L87076,['u525']
L87098,['u527']
L8710,['u123']
L87118,"['u527', 'u527']"
L87123,['u527']
L87130,['u520']
L87135,"['u520', 'u520']"
L87145,"['u525', 'u520']"
L87162,['u525']
L87214,"['u525', 'u522', 'u522']"
L87236,"['u522', 'u522']"
L8724,['u129']
L87247,['u520']
L87269,['u522']
L87285,['u527']
L87316,['u523']
L8734,['u123']
L87347,['u522']
L87351,['u522']
L87371,['u525']
L87378,['u525']
L87397,['u525']
L87408,['u525']
L87445,"['u522', 'u522']"
L87453,['u525']
L87471,['u523']
L87484,['u522']
L87497,"['u528', 'u528']"
L87501,['u528']
L87507,['u528']
L87514,['u528']
L87540,"['u523', 'u523']"
L87566,"['u522', 'u525']"
L87569,['u524']
L87572,['u524']
L87588,['u525']
L876,['u10']
L87619,['u522']
L87672,['u536']
L87676,['u536']
L87688,['u535']
L87695,"['u530', 'u530']"
L87699,['u530']
L87702,['u530']
L87756,"['u534', 'u532']"
L87758,"['u534', 'u534']"
L8777,['u123']
L87787,['u539']
L8779,['u124']
L878,"['u11', 'u0']"
L87808,['u540']
L87829,"['u544', 'u532']"
L87852,['u540']
L87932,"['u540', 'u540']"
L87957,"['u530', 'u530']"
L87966,"['u534', 'u532', 'u534', 'u534', 'u532']"
L87979,['u543']
L87981,['u543']
L87991,"['u543', 'u543']"
L88024,['u532']
L88117,['u529']
L88122,['u539']
L88124,['u542']
L88141,['u529']
L88147,['u536']
L8816,['u130']
L88162,['u536']
L88192,['u532']
L88214,['u529']
L88216,"['u529', 'u542']"
L88225,['u529']
L88236,['u529']
L88259,['u540']
L88275,['u529']
L88292,['u544']
L88297,['u544']
L88318,['u530']
L88323,"['u530', 'u530']"
L88347,['u529']
L88350,['u529']
L88355,['u529']
L886,['u11']
L889,['u5']
L893,['u0']
L909,['u5']
L917,['u11']
L92361,"['u566', 'u562']"
L92397,['u553']
L92400,['u557']
L92414,"['u557', 'u553', 'u553', 'u557']"
L92424,['u557']
L92440,['u553']
L92450,['u549']
L92464,"['u557', 'u553']"
L92472,['u557']
L92481,['u557']
L92485,['u553']
L92526,"['u557', 'u553']"
L92530,"['u557', 'u553']"
L92543,"['u553', 'u553', 'u553']"
L92556,['u547']
L92572,"['u553', 'u553']"
L92592,['u557']
L92599,['u553']
L92624,"['u547', 'u553']"
L92644,"['u565', 'u565', 'u565']"
L92655,"['u553', 'u553']"
L92669,['u557']
L92686,['u557']
L92694,['u557']
L92697,['u557']
L92701,['u553']
L92705,"['u553', 'u553']"
L92711,['u564']
L92775,['u551']
L92783,['u558']
L92786,['u547']
L92792,['u556']
L92804,['u547']
L92826,['u556']
L92829,"['u556', 'u547', 'u556']"
L92847,['u547']
L92850,['u556']
L92859,['u556']
L92868,['u556']
L92875,['u556']
L92882,['u547']
L92892,"['u547', 'u547']"
L92905,['u553']
L92924,['u547']
L92928,['u556']
L92942,['u556']
L92961,['u547']
L92970,['u556']
L92976,['u547']
L92981,['u556']
L92994,['u547']
L93015,['u556']
L93042,['u555']
L93045,['u555']
L93047,['u555']
L93049,['u556']
L93053,['u567']
L93056,['u547']
L93062,['u556']
L93076,['u567']
L93080,['u556']
L93094,"['u547', 'u567']"
L93112,"['u567', 'u567']"
L93137,['u556']
L93141,['u556']
L93160,['u547']
L93165,['u547']
L93167,['u567']
L93176,['u567']
L93186,['u556']
L93199,['u567']
L93238,['u547']
L93240,['u556']
L93251,['u547']
L93261,['u556']
L93266,['u547']
L93306,"['u547', 'u556']"
L93318,['u547']
L93323,['u555']
L93327,['u547']
L93335,['u556']
L93346,['u556']
L93354,['u567']
L93364,"['u567', 'u556', 'u556']"
L93392,['u556']
L93408,['u547']
L93413,['u556']
L93421,['u547']
L93434,"['u547', 'u547']"
L93446,"['u548', 'u548']"
L93452,['u547']
L93458,"['u547', 'u556']"
L93467,['u556']
L93471,['u556']
L93517,['u556']
L93522,"['u567', 'u567', 'u556', 'u556', 'u567']"
L93551,['u557']
L93563,['u547']
L93592,['u556']
L93602,['u547']
L93612,"['u547', 'u553']"
L93623,['u553']
L957,['u9']
L96753,"['u577', 'u577']"
L96765,['u568']
L96773,['u577']
L96777,['u577']
L96787,['u574']
L96805,['u574']
L96828,['u578']
L96833,['u578']
L96841,['u580']
L96849,['u574']
L96853,"['u570', 'u570']"
L96858,"['u578', 'u574']"
L96865,"['u580', 'u580', 'u574', 'u580', 'u580']"
L96891,['u580']
L96894,['u580']
L96918,['u580']
L96922,"['u574', 'u574']"
L96935,['u574']
L96938,"['u574', 'u580', 'u574']"
L96961,"['u574', 'u574']"
L96969,"['u580', 'u574', 'u574', 'u580']"
L96986,['u574']
L97005,"['u580', 'u580', 'u580']"
L97036,['u574']
L97100,['u571']
L97125,['u571']
L97141,['u577']
L97160,['u571']
L97164,['u571']
L97169,"['u571', 'u581', 'u581']"
L97182,['u571']
L97187,['u574']
L97203,['u568']
L97235,['u578']
L97245,['u580']
L97249,"['u578', 'u578']"
L97279,"['u574', 'u580', 'u574', 'u574']"
L97299,"['u574', 'u580']"
L973,['u5']
L97303,['u580']
L97308,['u573']
L97329,"['u574', 'u574', 'u574']"
L97351,['u574']
L97362,['u574']
L97393,"['u574', 'u571']"
L97396,['u571']
L97425,['u573']
L97440,['u573']
L97453,['u569']
L97455,"['u573', 'u569', 'u573']"
L97459,['u579']
L97464,"['u569', 'u573']"
L97468,['u573']
L97474,"['u573', 'u569']"
L97481,['u573']
L97496,['u571']
L97498,['u573']
L97506,['u571']
L97518,['u574']
L97523,"['u574', 'u580']"
L97534,['u574']
L97537,"['u570', 'u574', 'u574']"
L97547,['u570']
L97549,['u574']
L97553,['u580']
L97599,['u580']
L97605,['u574']
L97617,['u571']
L97622,['u571']
L97633,['u571']
L97641,['u574']
L97648,"['u580', 'u574']"
L97669,['u574']
L97678,['u574']
L97682,"['u572', 'u572', 'u574']"
L97690,['u576']
L982,['u0']
L989,['u5']
L998,['u11']
